{"SPEI_30d": {"MAE": 0.7510778307914734, "r2": 0.22884070873260498}, "SPEI_1y": {"MAE": 0.5961286425590515, "r2": 0.5500327944755554}, "SPEI_2y": {"MAE": 0.5315889120101929, "r2": 0.6836717128753662}}