{"SPEI_30d": {"MAE": 0.7790120244026184, "r2": 0.0748525857925415}, "SPEI_1y": {"MAE": 0.8114823698997498, "r2": 0.14301425218582153}, "SPEI_2y": {"MAE": 0.7652281522750854, "r2": 0.3306373357772827}}